x1,x2,x3,x4,x5,x6,x7,x8,x9,x10,x11,x12,x13,x14,x15,x16,labels
0.5,0.5,1.0,0.5555555555555556,0.0,1.0,0.0,1.0,0.0,0.0,0.0,0.0,0.04146489355516609,0.5714285714285712,0.034482758620689655,1.0,0
0.5,0.3125,1.0,0.5555555555555556,0.0,1.0,0.0,1.0,0.0,0.0,0.0028029672488229574,0.0,0.14812569045858912,0.8775510204081631,0.13793103448275862,0.0,1
0.5,0.5,0.0,0.5555555555555556,0.0,1.0,0.0,1.0,0.0,0.0,0.0035280240671597143,0.16677036166511125,0.0341969084067746,0.3877551020408161,0.06896551724137931,0.0,1
0.5,0.6875,0.0,0.5555555555555556,0.0,1.0,0.0,1.0,0.0,0.0,0.004271411824698049,0.16242669339693291,0.035201966924437875,0.7551020408163263,0.034482758620689655,0.0,0
0.5,0.5,1.0,0.5555555555555556,0.0,1.0,0.0,1.0,0.0,0.0,0.006222823625156837,0.1300450497159909,0.10143615386532215,0.510204081632653,0.06896551724137931,1.0,1
0.5,0.625,1.0,0.5555555555555556,0.0,1.0,0.0,1.0,0.0,0.0,0.007327679324306434,0.14448745866602142,0.055020724140508834,0.8979591836734695,0.034482758620689655,0.0,0
0.5,0.5,1.0,0.5555555555555556,0.0,1.0,0.0,1.0,0.0,0.0,0.010854945914639636,0.2503485304114387,0.18783796130940023,0.5714285714285712,0.1724137931034483,1.0,0
0.5,0.375,1.0,0.5555555555555556,0.0,1.0,0.0,1.0,0.0,0.0,0.014366456986981399,0.3096735911882294,0.18697410936033423,0.8367346938775508,0.20689655172413793,0.0,1
0.5,0.5,1.0,0.5555555555555556,0.0,1.0,0.0,1.0,0.0,0.0,0.018777244547757553,0.4353864943025359,0.23628012060702214,0.8979591836734695,0.24137931034482757,0.0,0
0.5,0.375,1.0,0.5555555555555556,0.0,1.0,0.0,1.0,0.0,0.0,0.020131764608925323,0.3527646238751973,0.06870945502570791,0.8571428571428572,0.034482758620689655,1.0,0
0.5,0.5,1.0,0.4444444444444445,0.0,1.0,0.0,1.0,0.0,0.0,0.020971048932700003,0.25114928623276067,0.040459835037502806,0.8163265306122449,0.06896551724137931,0.0,0
0.5,0.3125,1.0,0.4444444444444445,0.0,1.0,0.0,1.0,0.0,0.0,0.02351904948171921,0.18031408062862217,0.13414624016745444,0.7346938775510203,0.20689655172413793,0.0,0
0.5,0.125,0.0,0.4444444444444445,0.0,1.0,0.0,1.0,0.0,0.0,0.02677347291914299,0.25256069037825635,0.17287837130682526,0.48979591836734704,0.20689655172413793,1.0,0
0.5,0.0,1.0,0.4444444444444445,0.0,1.0,0.0,1.0,0.0,0.0,0.0282696411468684,0.27753966333690505,0.07647581629856051,0.7755102040816326,0.10344827586206896,1.0,1
0.5,0.1875,1.0,0.4444444444444445,0.0,1.0,0.0,1.0,0.0,0.0,0.029426762747047287,0.22464945329692482,0.05788638685616034,0.9183673469387754,0.10344827586206896,0.0,1
0.5,0.375,0.0,0.4444444444444445,0.0,1.0,0.0,1.0,0.0,0.0,0.03274148133986138,0.22694226492919933,0.17618426626575076,0.36734693877551017,0.13793103448275862,1.0,0
0.5,0.5,1.0,0.33333333333333337,0.0,0.0,0.0,1.0,0.0,0.0,0.035783205284400744,0.2857142857142857,0.1612163699944348,0.7959183673469385,0.1724137931034483,0.0,0
0.5,0.3125,0.0,0.33333333333333337,0.0,0.0,0.0,1.0,0.0,0.0,0.040298524647235476,0.41341467629877987,0.24201144603832514,0.48979591836734704,0.27586206896551724,1.0,1
0.5,0.5,0.0,0.33333333333333337,0.0,0.0,0.0,1.0,0.0,0.0,0.04514349792496799,0.4716048529259272,0.26008588681878214,0.04081632653061229,0.27586206896551724,1.0,1
0.5,0.6875,0.0,0.33333333333333337,0.0,0.0,0.0,1.0,0.0,0.0,0.05928771121105093,0.8937932782597675,0.7699495809487421,0.1020408163265305,0.7241379310344828,0.0,0
0.5,0.5,1.0,0.33333333333333337,0.0,0.0,0.0,1.0,0.0,0.0,0.06659599912859866,1.0,0.39514581654774866,0.7755102040816326,0.1724137931034483,0.0,0
0.5,0.375,1.0,0.33333333333333337,0.0,0.0,0.0,1.0,0.0,0.0,0.0666973495279859,0.819616789372415,0.0,0.7755102040816326,0.034482758620689655,,0
0.5,0.5,1.0,0.22222222222222227,0.0,1.0,0.0,1.0,0.0,0.0,0.0685574096231674,0.35249386471259203,0.0964274738144878,0.510204081632653,0.06896551724137931,1.0,0
0.5,0.3125,1.0,0.22222222222222227,0.0,1.0,0.0,1.0,0.0,0.0,0.06897902122480369,0.09061790697406473,0.017559452118513844,0.9183673469387754,0.034482758620689655,0.0,1
0.5,0.5,1.0,0.22222222222222227,0.0,1.0,0.0,1.0,0.0,0.0,0.07365492567485885,0.26457202769808624,0.25081609090380513,0.9183673469387754,0.20689655172413793,0.0,0
0.5,0.3125,1.0,0.22222222222222227,0.0,1.0,0.0,1.0,0.0,0.0,0.07785801308980557,0.35366907469496384,0.2248922261630853,0.693877551020408,0.27586206896551724,0.0,0
0.5,0.1875,0.0,0.22222222222222227,0.0,1.0,0.0,1.0,0.0,0.0,0.07973155627249896,0.40888090053345316,0.09716673173243848,0.5510204081632653,0.10344827586206896,1.0,1
0.5,0.375,1.0,0.22222222222222227,0.0,1.0,0.0,1.0,0.0,0.0,0.08059250443351187,0.2638115977094927,0.0416476314674685,0.9183673469387754,0.034482758620689655,1.0,1
0.5,0.5,0.0,0.22222222222222227,0.0,1.0,0.0,1.0,0.0,0.0,0.08596392410566986,0.30823914370974614,0.28895017069382267,0.30612244897959173,0.3448275862068966,0.0,0
0.5,0.375,0.0,0.22222222222222227,0.0,1.0,0.0,1.0,0.0,0.0,0.08764052331347029,0.3007500604887491,0.08636858236911397,0.24489795918367352,0.06896551724137931,0.0,0
0.5,0.5,1.0,0.11111111111111116,0.0,1.0,0.0,1.0,0.0,0.0,0.08853025559389065,0.30184461880566404,0.04322582252826207,0.510204081632653,0.034482758620689655,1.0,0
0.5,0.3125,1.0,0.11111111111111116,0.0,1.0,0.0,1.0,0.0,0.0,0.09050408870841417,0.1726464115769705,0.10266548163899296,0.8775510204081631,0.10344827586206896,1.0,0
0.5,0.125,1.0,0.11111111111111116,0.0,1.0,0.0,1.0,0.0,0.0,0.09260926830465478,0.18894380883250952,0.1098670166374563,0.5714285714285712,0.13793103448275862,0.0,1
0.5,0.3125,1.0,0.11111111111111116,0.0,1.0,0.0,1.0,0.0,0.0,0.0966338941792754,0.30815273121104236,0.2151074415861651,0.8571428571428572,0.1724137931034483,1.0,0
0.5,0.1875,1.0,0.11111111111111116,0.0,1.0,0.0,1.0,0.0,0.0,0.09879982341700223,0.315457467768138,0.11319783040260485,0.7755102040816326,0.10344827586206896,,0
0.5,0.5,1.0,0.0,0.0,1.0,1.0,1.0,1.0,0.0,0.10018691498170999,0.2881511181777332,0.07049530280502696,0.9387755102040813,0.10344827586206896,,1
0.5,0.6875,1.0,0.0,0.0,1.0,1.0,1.0,1.0,0.0,0.10161900066991253,0.18956597882317702,0.07296226462110954,0.9795918367346936,0.034482758620689655,1.0,1
0.5,0.875,0.0,0.0,0.0,1.0,1.0,1.0,1.0,0.0,0.10265022962152522,0.14641733780373994,0.05098387753237369,0.40816326530612246,0.06896551724137931,0.0,0
0.5,0.6875,0.0,0.0,0.0,1.0,1.0,1.0,1.0,0.0,0.10281323863459048,0.09986980516861958,0.00338065137759467,,0.0,,0
0.5,0.5,1.0,0.0,0.0,1.0,1.0,1.0,1.0,0.0,0.10788712140929474,0.23835447559134953,0.2726366588864616,0.9591836734693877,0.3103448275862069,0.0,1
0.5,0.625,1.0,0.0,0.0,1.0,1.0,1.0,1.0,0.0,0.11034028585963472,0.29242565644694846,0.12894651593557657,0.7142857142857144,0.1724137931034483,0.0,1
0.5,0.5,1.0,0.11111111111111116,0.0,0.0,0.0,0.0,0.0,0.0,0.11518162324859997,0.47032594794511073,0.2598865363689977,0.693877551020408,0.3103448275862069,0.0,0
0.5,0.3125,0.0,0.11111111111111116,0.0,0.0,0.0,0.0,0.0,0.0,0.1164679703953817,0.32629935593884296,0.06497163409224942,0.5510204081632653,0.10344827586206896,0.0,0
0.5,0.125,1.0,0.11111111111111116,0.0,0.0,0.0,0.0,0.0,0.0,0.117135155984173,0.2583848927908933,0.031023913747705398,0.7551020408163263,0.034482758620689655,0.0,0
0.5,0.0,1.0,0.11111111111111116,0.0,0.0,0.0,0.0,0.0,0.0,0.1191800404250233,0.1520456718859816,0.10656112167853078,0.8571428571428572,0.1724137931034483,1.0,0
0.0,0.5,1.0,0.5555555555555556,0.0,0.0,0.0,0.0,1.0,0.0,0.12296000128468072,0.24686898713029853,0.20169281756941967,0.6326530612244898,0.10344827586206896,1.0,1
0.0,0.6875,1.0,0.5555555555555556,0.0,0.0,0.0,0.0,1.0,0.0,0.12825067392713257,0.4226838569930755,0.28452292945485963,0.9387755102040813,0.20689655172413793,0.0,0
0.0,0.5,1.0,0.5555555555555556,0.0,0.0,0.0,0.0,1.0,0.0,0.13117150457016072,0.4559929948267717,0.15458796753910178,0.8775510204081631,0.1724137931034483,1.0,1
0.0,0.6875,1.0,0.5555555555555556,0.0,0.0,0.0,0.0,1.0,0.0,0.131983519728181,0.34313251068634565,0.038964706664119414,0.693877551020408,0.034482758620689655,0.0,1
0.0,0.8125,1.0,0.5555555555555556,0.0,0.0,0.0,0.0,1.0,0.0,0.13338273092211295,0.19515398707269022,0.07115980430430846,0.8775510204081631,0.034482758620689655,0.0,1
0.0,0.5,0.0,0.6666666666666667,0.0,1.0,0.0,1.0,0.0,0.6666666666666666,0.1335984603223034,0.09228854861567176,0.006271232899469231,,0.0,,1
0.0,0.6875,0.0,0.6666666666666667,0.0,1.0,0.0,1.0,0.0,0.6666666666666666,0.1367412316754994,0.1809189681195488,0.16675665124469438,0.22448979591836737,0.20689655172413793,0.0,1
0.0,0.875,1.0,0.6666666666666667,0.0,1.0,0.0,1.0,0.0,0.6666666666666666,0.1405004376701104,0.2706612284400816,0.20055485875190007,0.5714285714285712,0.1724137931034483,0.0,0
0.0,0.6875,0.0,0.6666666666666667,0.0,1.0,0.0,1.0,0.0,0.6666666666666666,0.14557507792164118,0.45542843316857345,0.2726781902301667,0.48979591836734704,0.3103448275862069,1.0,0
0.0,0.5,0.0,0.6666666666666667,0.0,1.0,0.0,1.0,0.0,0.6666666666666666,0.14617666601725657,0.3587962162847234,0.027427299382844238,0.22448979591836737,0.034482758620689655,1.0,0
0.0,0.375,0.0,0.6666666666666667,0.0,1.0,0.0,1.0,0.0,0.6666666666666666,0.15149051745059966,0.41791388706462507,0.2857937885722355,0.061224489795918435,0.3448275862068966,1.0,1
0.0,0.5,0.0,0.6666666666666667,0.0,1.0,0.0,1.0,0.0,0.6666666666666666,0.15402458042601105,0.3213047135137626,0.13338206344328066,0.4285714285714284,0.06896551724137931,0.0,1
0.0,0.625,1.0,0.6666666666666667,0.0,1.0,0.0,1.0,0.0,0.6666666666666666,0.1550929257421228,0.3390538407475257,0.05301891337392331,0.7142857142857144,0.034482758620689655,0.0,0
0.0,0.5,1.0,0.6666666666666667,0.0,1.0,0.0,1.0,0.0,0.6666666666666666,0.1599168411640783,0.3204233060269837,0.2589313154637805,0.6122448979591835,0.27586206896551724,0.0,1
0.0,0.625,1.0,0.6666666666666667,0.0,1.0,0.0,1.0,0.0,0.6666666666666666,0.16346471112409264,0.35897480211537797,0.18896761385817878,0.6734693877551021,0.13793103448275862,1.0,1
0.0,0.5,0.0,0.7777777777777778,0.0,1.0,1.0,1.0,0.5,0.0,0.16435807929328022,0.35232103971518436,0.04342517297804654,,0.0,0.0,0
0.0,0.3125,0.0,0.7777777777777778,0.0,1.0,1.0,1.0,0.5,0.0,0.16772733621760313,0.2970055188782505,0.17917452301251754,0.20408163265306123,0.24137931034482757,0.0,1
0.0,0.5,1.0,0.7777777777777778,0.0,1.0,1.0,1.0,0.5,0.0,0.17838427768979268,0.5673383798232576,0.5787475807992292,0.8571428571428572,0.6551724137931034,0.0,1
0.0,0.6875,1.0,0.7777777777777778,0.0,1.0,1.0,1.0,0.5,0.0,0.18200365346222966,0.6709988132683511,0.19288817270393965,0.7551020408163263,0.13793103448275862,,0
0.0,0.5,0.0,0.7777777777777778,0.0,1.0,1.0,1.0,0.5,0.0,0.18339786530910662,0.5958948302282442,0.07088569743585484,0.5918367346938775,0.034482758620689655,1.0,1
0.0,0.625,1.0,0.7777777777777778,0.0,1.0,1.0,1.0,0.5,0.0,0.18907121524431206,0.4063864597375364,0.3055045642946732,0.7959183673469385,0.27586206896551724,0.0,0
0.0,0.5,1.0,0.7777777777777778,0.0,1.0,1.0,1.0,0.5,0.0,0.19170874955422493,0.36905049946424245,0.13905524499339653,0.6530612244897958,0.13793103448275862,1.0,0
0.0,0.375,0.0,0.7777777777777778,0.0,1.0,1.0,1.0,0.5,0.0,0.19785961288086318,0.5499291417510628,0.3316859233663646,0.18367346938775508,0.48275862068965514,0.0,0
0.0,0.5,1.0,0.6666666666666667,0.0,0.0,0.0,1.0,0.0,0.6666666666666666,0.2014023319984572,0.46890878296636823,0.18868520072098416,0.5306122448979593,0.13793103448275862,1.0,1
0.0,0.6875,0.0,0.6666666666666667,0.0,0.0,0.0,1.0,0.0,0.6666666666666666,0.2067089116542658,0.5704031431106196,0.2853950876726666,0.5306122448979593,0.20689655172413793,0.0,1
0.0,0.875,0.0,0.6666666666666667,0.0,0.0,0.0,1.0,0.0,0.6666666666666666,0.20901330765587892,0.4241355869712995,0.12078976003189608,0.18367346938775508,0.10344827586206896,1.0,0
0.0,0.6875,1.0,0.6666666666666667,0.0,0.0,0.0,1.0,0.0,0.6666666666666666,0.2096697370737337,0.3143801919509637,0.03043416866709306,0.7755102040816326,0.034482758620689655,1.0,0
0.0,0.5,0.0,0.6666666666666667,0.0,0.0,0.0,1.0,0.0,0.6666666666666666,0.21080383137838668,0.15571532266427016,0.05662383400752549,0.3265306122448979,0.06896551724137931,1.0,1
0.0,0.625,1.0,0.6666666666666667,0.0,0.0,0.0,1.0,0.0,0.6666666666666666,0.22909113991475663,0.7634889910476651,0.9971094184781256,0.7142857142857144,1.0,0.0,0
0.0,0.5,1.0,0.6666666666666667,0.0,0.0,0.0,1.0,0.0,0.6666666666666666,0.2326756717531741,0.874834376044151,0.19097773089350537,0.5510204081632653,0.1724137931034483,0.0,0
0.0,0.375,1.0,0.6666666666666667,0.0,0.0,0.0,1.0,0.0,0.6666666666666666,0.23349071681850042,0.8627020612261357,0.039130832038939786,0.7959183673469385,0.034482758620689655,1.0,0
0.0,0.5,0.0,0.5555555555555556,0.0,1.0,0.0,1.0,1.0,0.0,0.23938918886654506,0.39159840079269065,0.31784767964382726,0.44897959183673475,0.3448275862068966,0.0,0
0.0,0.3125,1.0,0.5555555555555556,0.0,1.0,0.0,1.0,1.0,0.0,0.24042693211886573,0.29475303307870454,0.051341047088237494,0.8775510204081631,0.034482758620689655,,1
0.0,0.5,1.0,0.5555555555555556,0.0,1.0,0.0,1.0,1.0,0.0,0.24183053667839147,0.31713387024299194,0.07140068609779801,0.6122448979591835,0.10344827586206896,0.0,1
0.0,0.6875,1.0,0.5555555555555556,0.0,1.0,0.0,1.0,1.0,0.0,0.2461822410466997,0.25831576279193025,0.2330406757980248,0.8775510204081631,0.24137931034482757,0.0,1
0.0,0.8125,1.0,0.5555555555555556,0.0,1.0,0.0,1.0,1.0,0.0,0.24716574895824217,0.25625338448953255,0.048367402878952755,1.0,0.06896551724137931,0.0,0
0.0,0.625,1.0,0.5555555555555556,0.0,1.0,0.0,1.0,1.0,0.0,0.25366474863434507,0.4500132499164679,0.35077372893322595,0.9183673469387754,0.3448275862068966,0.0,0
0.0,0.5,1.0,0.5555555555555556,0.0,1.0,0.0,1.0,1.0,0.0,0.25693735151560515,0.4089788346986509,0.17387512355574755,0.6734693877551021,0.1724137931034483,0.0,1
0.0,0.625,1.0,0.5555555555555556,0.0,1.0,0.0,1.0,1.0,0.0,0.2585071464908675,0.43127325936423444,0.08051266290669568,0.8163265306122449,0.13793103448275862,1.0,0
0.0,0.5,0.0,0.5555555555555556,0.0,1.0,0.0,1.0,1.0,0.0,0.25900071839102234,0.20290806862304564,0.021504929770497797,0.8367346938775508,0.034482758620689655,0.0,1
0.0,0.625,1.0,0.5555555555555556,0.0,1.0,0.0,1.0,1.0,0.0,0.2608439625006553,0.14855460693834754,0.0955054779842347,0.6530612244897958,0.10344827586206896,1.0,1
0.0,0.5,1.0,0.6666666666666667,0.0,1.0,0.0,0.0,0.0,0.0,0.2709259790615226,0.4722443054163354,0.5472252909270626,0.7959183673469385,0.6206896551724138,1.0,1
0.0,0.6875,0.0,0.6666666666666667,0.0,1.0,0.0,0.0,0.0,0.0,0.2753749434543549,0.6226539006601914,0.2383733003297589,0.24489795918367352,0.3448275862068966,0.0,1
0.0,0.875,0.0,0.6666666666666667,0.0,1.0,0.0,0.0,0.0,0.0,0.2761039391521895,0.5802829721290887,0.03441287139404109,0.36734693877551017,0.034482758620689655,1.0,0
0.0,0.6875,1.0,0.6666666666666667,0.0,1.0,0.0,0.0,0.0,0.0,0.2776543427206931,0.25585588699549505,0.07944946050784527,0.6530612244897958,0.10344827586206896,0.0,0
0.0,0.5,0.0,0.6666666666666667,0.0,1.0,0.0,0.0,0.0,0.0,0.27868163279280794,0.12574170728054107,0.05076791454510721,0.020408163265306145,0.034482758620689655,1.0,0
0.0,0.375,1.0,0.6666666666666667,0.0,1.0,0.0,0.0,0.0,0.0,0.27960090666946225,0.13297731383867362,0.04484554493276075,0.8367346938775508,0.034482758620689655,1.0,0
0.0,0.5,0.0,0.5555555555555556,1.0,1.0,0.0,0.0,1.0,0.0,0.282954559571159,0.20154851197677234,0.17831897733219262,0.5306122448979593,0.24137931034482757,0.0,1
0.0,0.6875,1.0,0.5555555555555556,1.0,1.0,0.0,0.0,1.0,0.0,0.2932451852500476,0.5538004216929936,0.5586630229834456,0.9387755102040813,0.3793103448275862,0.0,1
0.0,0.875,0.0,0.5555555555555556,1.0,1.0,0.0,0.0,1.0,0.0,0.29441912283577504,0.5634843823810675,0.05880838268641344,0.34693877551020424,0.10344827586206896,0.0,1
0.0,1.0,1.0,0.5555555555555556,1.0,1.0,0.0,0.0,1.0,0.0,0.2945242606192949,0.43995483506734406,0.0002076567185254714,0.7346938775510203,0.034482758620689655,,1
0.0,0.5,0.0,0.6666666666666667,0.0,0.0,0.0,1.0,0.0,0.0,0.29607087680366595,0.1074510617215674,0.07924180378931979,0.4285714285714284,0.10344827586206896,0.0,0
0.0,0.3125,1.0,0.6666666666666667,0.0,0.0,0.0,1.0,0.0,0.0,0.30326887609527364,0.33652483495212754,0.389098852904287,0.6530612244897958,0.41379310344827586,0.0,1
0.0,0.5,0.0,0.6666666666666667,0.0,0.0,0.0,1.0,0.0,0.0,0.3086943796128445,0.5388395377507403,0.2919155086343664,0.16326530612244894,0.3103448275862069,0.0,0
0.0,0.3125,0.0,0.6666666666666667,0.0,0.0,0.0,1.0,0.0,0.0,0.31069230049045116,0.5560010599933175,0.10398617836881495,0.1020408163265305,0.10344827586206896,1.0,0
0.0,0.1875,0.0,0.6666666666666667,0.0,0.0,0.0,1.0,0.0,0.0,0.3115999092239772,0.31679974191467053,0.04420596223970231,0.16326530612244894,0.034482758620689655,1.0,0
0.0,0.5,1.0,0.5555555555555556,1.0,1.0,0.0,1.0,0.0,0.0,0.3123779894201697,0.14007466039888009,0.03710410246613119,0.8367346938775508,0.06896551724137931,0.0,0
0.0,0.3125,0.0,0.5555555555555556,1.0,1.0,0.0,1.0,0.0,0.0,0.31568255782350857,0.18976184715357228,0.1756277462601025,0.510204081632653,0.24137931034482757,0.0,1
0.0,0.5,1.0,0.5555555555555556,1.0,1.0,0.0,1.0,0.0,0.0,0.3163726192124604,0.18148929061099395,0.03227816032759924,0.6734693877551021,0.034482758620689655,1.0,1
0.0,0.6875,1.0,0.5555555555555556,1.0,1.0,0.0,1.0,0.0,0.0,0.32007592341727487,0.29272521977578836,0.19748984558646412,0.6326530612244898,0.1724137931034483,0.0,1
0.0,0.8125,0.0,0.5555555555555556,1.0,1.0,0.0,1.0,0.0,0.0,0.32114229929363775,0.20761466938577997,0.05291093188029006,0.5306122448979593,0.034482758620689655,0.0,1
0.0,0.5,1.0,0.6666666666666667,0.0,0.0,0.0,1.0,0.0,0.0,0.3226296807901756,0.2379339347643243,0.07599405271158143,0.8571428571428572,0.06896551724137931,1.0,1
0.0,0.6875,1.0,0.6666666666666667,0.0,0.0,0.0,1.0,0.0,0.0,0.32609847016950216,0.22901616489809085,0.18463174157536694,0.7346938775510203,0.1724137931034483,0.0,0
0.0,0.5,1.0,0.6666666666666667,0.0,0.0,0.0,1.0,0.0,0.0,0.33190286359569404,0.40918622469553995,0.3126894867556545,0.5306122448979593,0.10344827586206896,0.0,0
0.0,0.3125,1.0,0.6666666666666667,0.0,0.0,0.0,1.0,0.0,0.0,0.33661603590561356,0.5318516470222253,0.25285943301409575,0.6530612244897958,0.27586206896551724,0.0,1
0.0,0.5,1.0,0.6666666666666667,0.0,0.0,0.0,1.0,0.0,0.0,0.3383480824171146,0.46580945467952484,0.08940867672832686,0.6122448979591835,0.10344827586206896,0.0,0
0.0,0.375,1.0,0.6666666666666667,0.0,0.0,0.0,1.0,0.0,0.0,0.3407262566616299,0.33552244996716324,0.12483491290877226,0.8163265306122449,0.13793103448275862,0.0,1
0.0,0.5,1.0,0.6666666666666667,0.0,0.0,0.0,1.0,0.0,0.0,0.3477176162749653,0.42215386033435875,0.3777691023415372,0.6530612244897958,0.4482758620689655,0.0,0
0.0,0.375,0.0,0.6666666666666667,0.0,0.0,0.0,1.0,0.0,0.0,0.35442613404128126,0.6113914716624612,0.36226129860205497,0.04081632653061229,0.3103448275862069,1.0,0
0.0,0.5,0.0,0.5555555555555556,0.0,0.0,0.0,1.0,0.0,0.0,0.3567109871407704,0.607842798382358,0.11971825136430465,0.46938775510204067,0.13793103448275862,1.0,0
0.0,0.3125,0.0,0.5555555555555556,0.0,0.0,0.0,1.0,0.0,0.0,0.3644631564786538,0.6367737029483944,0.4194831839589339,0.36734693877551017,0.5172413793103449,0.0,1
0.0,0.5,1.0,0.5555555555555556,0.0,0.0,0.0,1.0,0.0,0.0,0.365703146043653,0.4288249052342932,0.062429915857497666,0.5510204081632653,0.034482758620689655,1.0,1
0.0,0.6875,1.0,0.5555555555555556,0.0,0.0,0.0,1.0,0.0,0.0,0.3660702193137804,0.35589851716152227,0.01456919537174706,1.0,0.034482758620689655,0.0,1
0.0,0.8125,1.0,0.5555555555555556,0.0,0.0,0.0,1.0,0.0,0.0,0.3678063562001447,0.12713006809304897,0.08963294598433438,0.8775510204081631,0.034482758620689655,1.0,1
0.0,0.5,1.0,0.6666666666666667,0.0,0.0,0.0,0.0,0.0,0.0,0.37180219795535796,0.23192538568778587,0.21352925052537153,0.7959183673469385,0.1724137931034483,1.0,0
0.0,0.3125,0.0,0.6666666666666667,0.0,0.0,0.0,0.0,0.0,0.0,0.3736216572926385,0.2871544940260159,0.09420139379189474,,0.0,0.0,1
0.0,0.5,0.0,0.6666666666666667,0.0,0.0,0.0,0.0,0.0,0.0,0.37428899437679514,0.24651181546898945,0.031032220016446413,0.40816326530612246,0.034482758620689655,1.0,0
0.0,0.3125,1.0,0.6666666666666667,0.0,0.0,0.0,0.0,0.0,0.0,0.3829795260073609,0.42503427695781915,0.4709322125408046,0.7959183673469385,0.27586206896551724,0.0,1
0.0,0.5,1.0,0.6666666666666667,0.0,0.0,0.0,0.0,0.0,0.0,0.38614017381366256,0.47603493369280936,0.16773679095613464,0.8163265306122449,0.034482758620689655,0.0,0
0.0,0.375,1.0,0.6666666666666667,0.0,0.0,0.0,0.0,0.0,0.0,0.38753711257711493,0.5037791066099802,0.07103521027319318,0.7755102040816326,0.034482758620689655,0.0,0
0.0,0.5,0.0,0.5555555555555556,1.0,1.0,0.0,1.0,0.0,0.0,0.39029750962828796,0.27827704999251096,0.1457916289423628,0.46938775510204067,0.13793103448275862,1.0,0
0.0,0.4875,1.0,0.5555555555555556,1.0,1.0,0.0,1.0,0.0,0.0,0.3924499557785029,0.23993870473425274,0.11245857248465417,0.7142857142857144,0.034482758620689655,0.0,0
0.0,0.475,1.0,0.5555555555555556,1.0,1.0,0.0,1.0,0.0,0.0,0.3935913218606903,0.2302201790466973,0.05702253490709439,0.8367346938775508,0.034482758620689655,0.0,0
0.0,0.4625,1.0,0.5555555555555556,1.0,1.0,0.0,1.0,0.0,0.0,0.3941830627575611,0.14775385111702555,0.02688739191467801,0.9183673469387754,0.034482758620689655,1.0,1
0.0,0.475,1.0,0.5555555555555556,1.0,1.0,0.0,1.0,0.0,0.0,0.39431637867902714,0.07097346560206468,0.0017526227043549768,0.5306122448979593,0.034482758620689655,,1
0.0,0.4875,1.0,0.5555555555555556,1.0,1.0,0.0,1.0,0.0,0.0,0.3969643661691458,0.12826495224269238,0.13962837753652682,0.8163265306122449,0.06896551724137931,1.0,1
0.0,0.5,1.0,0.5555555555555556,1.0,1.0,0.0,1.0,0.0,0.0,0.4007829583469553,0.2509707004021061,0.20381091609837945,0.7959183673469385,0.1724137931034483,0.0,0
0.0,0.4875,0.0,0.5555555555555556,1.0,1.0,0.0,1.0,0.0,0.0,0.40187448245395835,0.2874079706888804,0.05428977249129919,0.36734693877551017,0.10344827586206896,0.0,1
0.0,0.5,1.0,0.5555555555555556,1.0,1.0,0.0,1.0,0.0,0.0,0.4093132078810313,0.469582800456258,0.40229751393376584,0.9183673469387754,0.4482758620689655,0.0,1
0.0,0.5125,0.0,0.5555555555555556,1.0,1.0,0.0,1.0,0.0,0.0,0.412296454614564,0.43781756593273646,0.15801015026040155,0.5918367346938775,0.1724137931034483,0.0,0
0.0,0.5,1.0,0.5555555555555556,1.0,1.0,0.0,1.0,0.0,0.0,0.4208404902268825,0.7212102358485132,0.46290005066823936,0.7755102040816326,0.5862068965517241,0.0,0
0.0,0.4875,1.0,0.5555555555555556,1.0,1.0,0.0,1.0,0.0,0.0,0.42418020555497155,0.5653393706865761,0.1775548006080189,0.7551020408163263,0.10344827586206896,0.0,1
0.0,0.5,0.0,0.5555555555555556,1.0,1.0,0.0,1.0,0.0,0.0,0.42574636464146653,0.5114525364948787,0.08031331245691122,0.2857142857142856,0.10344827586206896,0.0,1
0.0,0.5125,1.0,0.5555555555555556,1.0,1.0,0.0,1.0,0.0,0.0,0.42655368344316247,0.21725254340787853,0.03870721233314783,0.7142857142857144,0.06896551724137931,1.0,1
0.5,0.5,1.0,0.5555555555555556,0.0,1.0,0.0,1.0,1.0,0.5454545454545454,0.42878627064162234,0.17515237403938103,0.11685258864865314,0.46938775510204067,0.06896551724137931,1.0,1
0.5,0.6875,1.0,0.5555555555555556,0.0,1.0,0.0,1.0,1.0,0.5454545454545454,0.43611501043348583,0.3942829490857558,0.39626716282778623,0.7755102040816326,0.4482758620689655,0.0,0
0.5,0.5,1.0,0.5555555555555556,0.0,1.0,0.0,1.0,1.0,0.5454545454545454,0.43704837337911323,0.39907596234719395,0.045618027925675514,0.5510204081632653,0.034482758620689655,,0
0.5,0.3125,1.0,0.5555555555555556,0.0,1.0,0.0,1.0,1.0,0.5454545454545454,0.4403059782192084,0.4380537600958604,0.17305280295038666,0.8163265306122449,0.20689655172413793,0.0,1
0.5,0.5,1.0,0.5555555555555556,0.0,1.0,0.0,1.0,1.0,0.5454545454545454,0.4496329418794091,0.5140391506227461,0.5058268475218247,0.5306122448979593,0.3448275862068966,1.0,1
0.5,0.625,0.0,0.5555555555555556,0.0,1.0,0.0,1.0,1.0,0.5454545454545454,0.4505620629548081,0.5138778472918323,0.04538545240092697,0.16326530612244894,0.034482758620689655,1.0,0
0.5,0.5,1.0,0.5555555555555556,0.0,1.0,0.0,1.0,1.0,0.5454545454545454,0.45664535934852146,0.6213289090133997,0.32798132750787024,0.8571428571428572,0.41379310344827586,0.0,1
0.5,0.625,0.0,0.5555555555555556,0.0,1.0,0.0,1.0,1.0,0.5454545454545454,0.45927683384382223,0.3667231228324865,0.13872299424375578,0.0,0.13793103448275862,0.0,1
0.5,0.5,1.0,0.6666666666666667,0.0,0.0,0.0,1.0,0.0,0.0,0.47182852784984747,0.808688488703006,0.682634083943152,0.6122448979591835,0.6206896551724138,,0
0.5,0.3125,1.0,0.6666666666666667,0.0,0.0,0.0,1.0,0.0,0.0,0.47275567948549746,0.6126185291440555,0.04527747090729374,0.7551020408163263,0.034482758620689655,0.0,1
0.5,0.5,1.0,0.6666666666666667,0.0,0.0,0.0,1.0,0.0,0.0,0.4734719495726467,0.5397900752364821,0.0337151448197955,0.7551020408163263,0.034482758620689655,1.0,1
0.5,0.6875,0.0,0.6666666666666667,0.0,0.0,0.0,1.0,0.0,0.0,0.47541078725778546,0.13622066295669005,0.10074673355981759,0.16326530612244894,0.10344827586206896,1.0,1
0.5,0.8125,0.0,0.6666666666666667,0.0,0.0,0.0,1.0,0.0,0.0,0.4781066472833397,0.2034783911144908,0.1422531584586888,0.26530612244897966,0.13793103448275862,1.0,0
0.5,0.625,1.0,0.6666666666666667,0.0,0.0,0.0,1.0,0.0,0.0,0.4790069842393312,0.2104778035094996,0.0438072613401334,0.8775510204081631,0.034482758620689655,0.0,1
0.5,0.5,1.0,0.7777777777777778,0.0,1.0,0.0,0.0,1.0,0.0,0.47986884137253594,0.16952403995713938,0.04169746907991462,0.7551020408163263,0.034482758620689655,0.0,0
0.5,0.3125,1.0,0.7777777777777778,0.0,1.0,0.0,0.0,1.0,0.0,0.4888291862487051,0.40774025555056287,0.48572567716855913,0.7551020408163263,0.5517241379310345,0.0,1
0.5,0.5,1.0,0.7777777777777778,0.0,1.0,0.0,0.0,1.0,0.0,0.49220132158496877,0.5017340108073232,0.17933234211859692,0.7551020408163263,0.20689655172413793,0.0,1
0.5,0.6875,0.0,0.7777777777777778,0.0,1.0,0.0,0.0,1.0,0.0,0.4998727438931461,0.7606777044231677,0.41505594271997087,0.36734693877551017,0.3793103448275862,0.0,0
0.5,0.5,1.0,0.7777777777777778,0.0,1.0,0.0,0.0,1.0,0.0,0.5015157111298495,0.48242369776364463,0.0845245907086078,0.6530612244897958,0.034482758620689655,1.0,0
0.5,0.375,0.0,0.7777777777777778,0.0,1.0,0.0,0.0,1.0,0.0,0.50245058902913,0.3897434124871822,0.0457010906130857,0.5306122448979593,0.034482758620689655,0.0,0
0.5,0.5,1.0,0.6666666666666667,0.0,1.0,0.0,1.0,0.3333333333333333,0.0,0.5079060886290307,0.3054797045844711,0.29356014984508816,0.6530612244897958,0.3793103448275862,1.0,1
0.5,0.6875,1.0,0.6666666666666667,0.0,1.0,0.0,1.0,0.3333333333333333,0.0,0.5093162074892644,0.29662530388395375,0.07175785565366181,0.6326530612244898,0.06896551724137931,0.0,0
0.5,0.5,1.0,0.6666666666666667,0.0,1.0,0.0,1.0,0.3333333333333333,0.0,0.5116590833136643,0.35016648808083606,0.12289955229211487,0.6122448979591835,0.13793103448275862,0.0,0
0.5,0.3125,0.0,0.6666666666666667,0.0,1.0,0.0,1.0,0.3333333333333333,0.0,0.5166967586960614,0.3342781099858283,0.2706514606573581,0.3877551020408161,0.3448275862068966,0.0,0
0.5,0.1875,0.0,0.6666666666666667,0.0,1.0,0.0,1.0,0.3333333333333333,0.0,0.5213846312799754,0.4589194981162075,0.25147228613434564,0.3877551020408161,0.3103448275862069,0.0,1
0.5,0.375,0.0,0.6666666666666667,0.0,1.0,0.0,1.0,0.3333333333333333,0.0,0.5216158132074267,0.378619243487378,0.007118472311053152,0.5918367346938775,0.034482758620689655,,1
0.5,0.5,0.0,0.6666666666666667,0.0,1.0,0.0,1.0,0.3333333333333333,0.0,0.5233752803800475,0.2539605728572581,0.09091211137045128,0.2857142857142856,0.10344827586206896,0.0,1
0.5,0.625,1.0,0.6666666666666667,0.0,1.0,0.0,1.0,0.3333333333333333,0.0,0.5245670944188806,0.12101782401806598,0.05978852239785367,0.9183673469387754,0.034482758620689655,0.0,1
0.5,0.5,1.0,0.7777777777777778,0.0,1.0,0.0,1.0,1.0,0.5454545454545454,0.5263338333690359,0.17940962980885555,0.09131081227002019,0.5306122448979593,0.06896551724137931,,1
0.5,0.6875,0.0,0.7777777777777778,0.0,1.0,0.0,1.0,1.0,0.5454545454545454,0.5271912971366469,0.14510962865668892,0.04145658728642507,0.5306122448979593,0.034482758620689655,1.0,0
0.5,0.5,0.0,0.7777777777777778,0.0,1.0,0.0,1.0,1.0,0.5454545454545454,0.5289528852443819,0.16677612249835816,0.09102839913282554,0.08163265306122436,0.10344827586206896,1.0,0
0.5,0.3125,0.0,0.7777777777777778,0.0,1.0,0.0,1.0,1.0,0.5454545454545454,0.5323383521727921,0.2283306257417073,0.18006329376780658,0.020408163265306145,0.1724137931034483,0.0,0
0.5,0.1875,0.0,0.7777777777777778,0.0,1.0,0.0,1.0,1.0,0.5454545454545454,0.5344679225228465,0.27670434251610154,0.11120432590476033,0.18367346938775508,0.13793103448275862,0.0,1
0.5,0.375,1.0,0.7777777777777778,0.0,1.0,0.0,1.0,1.0,0.5454545454545454,0.5360728644228588,0.2707476409387854,0.08243971725461205,0.7142857142857144,0.06896551724137931,0.0,1
0.5,0.5,0.0,0.7777777777777778,0.0,1.0,0.0,1.0,1.0,0.5454545454545454,0.5373648168981567,0.19113868629958639,0.0652789660356671,0.30612244897959173,0.10344827586206896,0.0,0
0.5,0.375,0.0,0.7777777777777778,0.0,1.0,0.0,1.0,1.0,0.5454545454545454,0.5448327809307332,0.39413892825458274,0.4039006238007825,0.20408163265306123,0.41379310344827586,0.0,1
0.5,0.5,1.0,0.7777777777777778,0.0,1.0,0.0,1.0,1.0,0.5454545454545454,0.5494853550945318,0.5100296106828891,0.2495369255176882,0.5510204081632653,0.3103448275862069,1.0,0
0.5,0.375,1.0,0.7777777777777778,0.0,1.0,0.0,1.0,1.0,0.5454545454545454,0.5520878939750599,0.5598665791020013,0.1371364969142212,0.6530612244897958,0.06896551724137931,1.0,1
0.5,0.5,1.0,0.7777777777777778,0.0,1.0,0.0,1.0,1.0,0.5454545454545454,0.5539149280806054,0.345361953152904,0.09461670722894569,0.7551020408163263,0.06896551724137931,0.0,1
0.5,0.625,1.0,0.7777777777777778,0.0,1.0,0.0,1.0,1.0,0.5454545454545454,0.5574194703661433,0.301706358807738,0.18659202099824745,0.7959183673469385,0.1724137931034483,0.0,0
0.5,0.5,0.0,0.7777777777777778,0.0,1.0,0.0,1.0,1.0,0.5454545454545454,0.5603883250399723,0.31563605359879254,0.15722105473000475,0.44897959183673475,0.24137931034482757,0.0,0
0.5,0.375,1.0,0.7777777777777778,0.0,1.0,0.0,1.0,1.0,0.5454545454545454,0.562951626620887,0.3436337031788278,0.1349851733102973,0.5306122448979593,0.13793103448275862,0.0,1
0.5,0.5,0.0,0.7777777777777778,0.0,1.0,0.0,1.0,1.0,0.5454545454545454,0.5636850156843153,0.23825654142615188,0.03465375318753063,,0.0,0.0,1
0.5,0.625,1.0,0.7777777777777778,0.0,1.0,0.0,1.0,1.0,0.5454545454545454,0.5677273665166763,0.2790778058138329,0.21607927502886434,0.7142857142857144,0.24137931034482757,0.0,0
0.5,0.5,1.0,0.7777777777777778,0.0,1.0,0.0,1.0,1.0,0.5454545454545454,0.5726744476706225,0.3697245169541322,0.26568431195022885,0.7551020408163263,0.24137931034482757,0.0,0
0.5,0.375,0.0,0.7777777777777778,0.0,1.0,0.0,1.0,1.0,0.5454545454545454,0.5741251672887572,0.3970020623783025,0.07398393567625487,0.12244897959183665,0.06896551724137931,0.0,1
0.5,0.5,0.0,0.7777777777777778,0.0,1.0,0.0,1.0,1.0,0.5454545454545454,0.5816909973273189,0.5309875220351872,0.4092664734074807,0.5714285714285712,0.48275862068965514,0.0,1
0.5,0.625,1.0,0.7777777777777778,0.0,1.0,0.0,1.0,1.0,0.5454545454545454,0.5840261468880884,0.431664996025025,0.1224759325863229,0.693877551020408,0.10344827586206896,0.0,0
0.5,0.5,1.0,0.7777777777777778,0.0,1.0,0.0,1.0,1.0,0.5454545454545454,0.5872540586365843,0.4992453308446534,0.17142477427714697,0.7959183673469385,0.1724137931034483,0.0,0
0.5,0.375,1.0,0.7777777777777778,0.0,1.0,0.0,1.0,1.0,0.5454545454545454,0.5932655462271443,0.4401391817312455,0.3240441561246273,0.7551020408163263,0.3448275862068966,0.0,1
0.5,0.5,0.0,0.7777777777777778,0.0,1.0,0.0,1.0,1.0,0.5454545454545454,0.5981670272761347,0.5377276969340845,0.26318412505918215,0.20408163265306123,0.27586206896551724,0.0,1
0.5,0.625,1.0,0.7777777777777778,0.0,1.0,0.0,1.0,1.0,0.5454545454545454,0.6009119718000467,0.5193621605429009,0.1449443895307789,0.7959183673469385,0.10344827586206896,,0
0.5,0.5,0.0,0.7777777777777778,0.0,1.0,0.0,1.0,1.0,0.5454545454545454,0.6046023988988106,0.43110043436682677,0.1967838127434775,0.5714285714285712,0.13793103448275862,0.0,1
0.5,0.625,1.0,0.7777777777777778,0.0,1.0,0.0,1.0,1.0,0.5454545454545454,0.6059188936232874,0.2947760764116922,0.06662458157171217,0.7551020408163263,0.034482758620689655,0.0,0
0.5,0.5,1.0,0.7777777777777778,0.0,1.0,0.0,1.0,1.0,0.5454545454545454,0.6109294513352955,0.38092933761939324,0.2691646385527157,0.7142857142857144,0.27586206896551724,1.0,1
0.5,0.625,0.0,0.7777777777777778,0.0,1.0,0.0,1.0,1.0,0.5454545454545454,0.6128610172428997,0.31404606362264237,0.10034803266024869,0.48979591836734704,0.034482758620689655,1.0,0
0.5,0.5,0.0,0.7777777777777778,0.0,1.0,0.0,1.0,1.0,0.5454545454545454,0.6179429292719649,0.4572315739748597,0.27307689112973565,0.3877551020408161,0.3103448275862069,0.0,0
0.5,0.375,0.0,0.7777777777777778,0.0,1.0,0.0,1.0,1.0,0.5454545454545454,0.6241816599104785,0.503934649107647,0.33650355923615555,0.36734693877551017,0.3448275862068966,0.0,1
0.5,0.5,1.0,0.7777777777777778,0.0,1.0,0.0,1.0,1.0,0.5454545454545454,0.6320324527311737,0.7290219257313377,0.42489056490933713,0.6122448979591835,0.3448275862068966,1.0,1
0.5,0.625,1.0,0.7777777777777778,0.0,1.0,0.0,1.0,1.0,0.5454545454545454,0.6333783375565193,0.5869540170290231,0.06823599770746983,0.8163265306122449,0.06896551724137931,1.0,1
0.5,0.5,1.0,0.8888888888888888,0.0,0.0,0.0,0.0,0.0,0.0,0.6346492321760402,0.39804477319599507,0.06412439468066548,0.9387755102040813,0.034482758620689655,0.0,1
0.5,0.6875,1.0,0.8888888888888888,0.0,0.0,0.0,0.0,0.0,0.0,0.6381219604348646,0.23156245319322985,0.1848477045626334,0.7346938775510203,0.1724137931034483,0.0,1
0.5,0.875,1.0,0.8888888888888888,0.0,0.0,0.0,0.0,0.0,0.0,0.6386894620732869,0.2019632919705506,0.025558388916114994,0.6326530612244898,0.034482758620689655,1.0,1
0.5,1.0,1.0,0.8888888888888888,0.0,0.0,0.0,0.0,0.0,0.0,0.6397019055996022,0.19213531045130364,0.04995390020848735,0.7551020408163263,0.06896551724137931,1.0,0
0.5,0.8125,0.0,0.8888888888888888,0.0,0.0,0.0,0.0,0.0,0.0,0.6413159372215327,0.12145564734483197,0.0829380933790732,0.5918367346938775,0.034482758620689655,1.0,1
0.5,0.5,1.0,1.0,0.0,1.0,0.0,0.0,0.0,0.5454545454545454,0.6429629948330992,0.16250734506238984,0.08474885996461529,0.5714285714285712,0.13793103448275862,1.0,1
0.5,0.6875,0.0,1.0,0.0,1.0,0.0,0.0,0.0,0.5454545454545454,0.6437297128768941,0.15316327353588424,0.036481132310554776,0.510204081632653,0.06896551724137931,0.0,1
0.5,0.875,1.0,1.0,0.0,1.0,0.0,0.0,0.0,0.5454545454545454,0.6456202235405013,0.16367679421151474,0.09809703383143258,0.7142857142857144,0.06896551724137931,,1
0.5,1.0,1.0,1.0,0.0,1.0,0.0,0.0,0.0,0.5454545454545454,0.6463711860663048,0.129601465555978,0.03561728036148882,0.7346938775510203,0.034482758620689655,0.0,0
0.5,0.8125,1.0,1.0,0.0,1.0,0.0,0.0,0.0,0.5454545454545454,0.6480765693935127,0.1652955883538995,0.08794677342990755,0.7755102040816326,0.13793103448275862,,1
1.0,0.5,1.0,0.5555555555555556,0.0,0.0,1.0,1.0,1.0,0.0,0.6506621407931268,0.1917262912907723,0.13620619481522706,0.6734693877551021,0.13793103448275862,0.0,0
1.0,0.3125,0.0,0.5555555555555556,0.0,0.0,1.0,1.0,1.0,0.0,0.6512366112183532,0.1850149205581095,0.02594047727820186,,0.0,,0
1.0,0.125,1.0,0.5555555555555556,0.0,0.0,1.0,1.0,1.0,0.0,0.6520743805884748,0.15202262855299392,0.04037677235009262,0.9591836734693877,0.034482758620689655,0.0,1
1.0,0.3125,1.0,0.5555555555555556,0.0,0.0,1.0,1.0,1.0,0.0,0.6548191736170216,0.15807726429550767,0.14493608326203786,0.9183673469387754,0.1724137931034483,1.0,1
1.0,0.5,1.0,0.5555555555555556,0.0,0.0,1.0,1.0,1.0,0.0,0.6602931556514892,0.3443883723341744,0.29457351463149245,0.7142857142857144,0.1724137931034483,0.0,1
1.0,0.625,1.0,0.5555555555555556,0.0,0.0,1.0,1.0,1.0,0.0,0.6616228304727474,0.36309379788692636,0.06734722695218082,0.8163265306122449,0.034482758620689655,0.0,1
1.0,0.5,1.0,0.6666666666666667,0.0,1.0,0.0,0.0,0.0,0.0,0.6799628593962426,0.9561254939914509,1.0,0.510204081632653,0.41379310344827586,0.0,1
1.0,0.6875,1.0,0.6666666666666667,0.0,1.0,0.0,0.0,0.0,0.0,0.682009864772207,0.8258096851128547,0.10667740944090505,0.8163265306122449,0.06896551724137931,1.0,1
1.0,0.875,1.0,0.6666666666666667,0.0,1.0,0.0,0.0,0.0,0.0,0.6867774239182701,0.9565402739852292,0.2558413834921215,0.7755102040816326,0.10344827586206896,0.0,0
1.0,0.6875,0.0,0.6666666666666667,0.0,1.0,0.0,0.0,0.0,0.0,0.6885025016429673,0.32473240929568054,0.08902658836624,0.1428571428571428,0.13793103448275862,0.0,1
1.0,0.8125,0.0,0.6666666666666667,0.0,1.0,0.0,0.0,0.0,0.0,0.6931467435616744,0.42349613448089135,0.24908008073693216,0.44897959183673475,0.1724137931034483,0.0,0
1.0,0.625,1.0,0.6666666666666667,0.0,1.0,0.0,0.0,0.0,0.0,0.6996960396990576,0.49124929429792724,0.3535314101552442,0.693877551020408,0.1724137931034483,0.0,0
1.0,0.5,1.0,0.6666666666666667,0.0,1.0,0.0,0.0,0.0,0.0,0.7059224992129818,0.662420932563686,0.335830751468133,0.8367346938775508,0.1724137931034483,1.0,0
1.0,0.375,0.0,0.6666666666666667,0.0,1.0,0.0,0.0,0.0,0.0,0.7071377950334365,0.5320302328528799,0.06107599405271159,0.48979591836734704,0.034482758620689655,0.0,0
1.0,0.5,0.0,0.5555555555555556,1.0,1.0,1.0,1.0,0.75,0.0,0.7077213551805811,0.30517438042238426,0.02643885340266299,0.5714285714285712,0.034482758620689655,1.0,1
1.0,0.6875,0.0,0.5555555555555556,1.0,1.0,1.0,1.0,0.75,0.0,0.7085832123137857,0.10117751431567062,0.04169746907991462,,0.0,0.0,0
1.0,0.5,1.0,0.5555555555555556,1.0,1.0,1.0,1.0,0.75,0.0,0.7105423503778749,0.1294632055580519,0.10185977357111412,0.8163265306122449,0.1724137931034483,0.0,1
1.0,0.6875,1.0,0.5555555555555556,1.0,1.0,1.0,1.0,0.75,0.0,0.7107068743445931,0.11352874079706889,0.0034637140650048597,0.7142857142857144,0.034482758620689655,,1
1.0,0.8125,0.0,0.5555555555555556,1.0,1.0,1.0,1.0,0.75,0.0,0.7162997802408231,0.29343380226515964,0.3010939355931922,0.6734693877551021,0.20689655172413793,1.0,0
1.0,0.625,0.0,0.5555555555555556,1.0,1.0,1.0,1.0,0.75,0.0,0.7186137204504504,0.30692567372944823,0.12131305496258026,0.30612244897959173,0.13793103448275862,1.0,0
1.0,0.5,1.0,0.5555555555555556,1.0,1.0,1.0,1.0,0.75,0.0,0.7211377847317518,0.39665065155024015,0.1328338497063734,0.9591836734693877,0.1724137931034483,1.0,1
1.0,0.625,0.0,0.5555555555555556,1.0,1.0,1.0,1.0,0.75,0.0,0.7215819691428179,0.20086297282038873,0.018797086160925652,,0.0,,0
1.0,0.5,1.0,0.5555555555555556,1.0,1.0,1.0,1.0,0.75,0.0,0.7217364944154265,0.11874805571877914,0.0029155003280976156,0.6326530612244898,0.034482758620689655,,1
1.0,0.625,0.0,0.5555555555555556,1.0,1.0,1.0,1.0,0.75,0.0,0.7248157892105608,0.13986150956874402,0.16327632464220748,0.12244897959183665,0.20689655172413793,0.0,0
1.0,0.5,0.0,0.5555555555555556,1.0,1.0,1.0,1.0,0.75,0.0,0.7321892201351886,0.40335626144965614,0.3987175121063868,0.3877551020408161,0.5172413793103449,1.0,1
1.0,0.625,1.0,0.5555555555555556,1.0,1.0,1.0,1.0,0.75,0.0,0.7347404020868792,0.4944926434159438,0.13432067181101578,0.6326530612244898,0.10344827586206896,1.0,1
1.0,0.5,1.0,0.6666666666666667,0.0,1.0,0.0,0.0,0.0,0.0,0.7410371554503035,0.6168412199140484,0.3396848601639657,0.6122448979591835,0.3793103448275862,0.0,0
1.0,0.3125,1.0,0.6666666666666667,0.0,1.0,0.0,0.0,0.0,0.0,0.7426949692328064,0.3994965031742191,0.08533860504522763,0.5918367346938775,0.034482758620689655,1.0,0
1.0,0.125,0.0,0.6666666666666667,0.0,1.0,0.0,0.0,0.0,0.0,0.7481109285423633,0.508433859873492,0.2913922137036822,0.24489795918367352,0.3448275862068966,0.0,1
1.0,0.3125,1.0,0.6666666666666667,0.0,1.0,0.0,0.0,0.0,0.0,0.7546628001009567,0.5181351030613068,0.3536726167238416,0.7551020408163263,0.20689655172413793,0.0,1
1.0,0.5,0.0,0.6666666666666667,0.0,1.0,0.0,0.0,0.0,0.0,0.7561788142215365,0.512742963142189,0.07756393750363398,0.22448979591836737,0.10344827586206896,1.0,0
1.0,0.375,1.0,0.6666666666666667,0.0,1.0,0.0,0.0,0.0,0.0,0.7612445162465146,0.49942391667530794,0.2721881203744466,0.7755102040816326,0.20689655172413793,1.0,1
1.0,0.5,0.0,0.6666666666666667,0.0,1.0,0.0,0.0,0.0,0.0,0.7651441584447607,0.3985690090214649,0.20825476987482455,0.1428571428571428,0.1724137931034483,0.0,0
1.0,0.375,1.0,0.6666666666666667,0.0,1.0,0.0,0.0,0.0,0.0,0.7706978270413775,0.5521067367183989,0.2989426119892683,0.693877551020408,0.3103448275862069,0.0,0
1.0,0.5,0.0,0.5555555555555556,0.0,1.0,0.0,1.0,0.5,0.0,0.7748388013565503,0.5169426105791941,0.22148665597926756,0.34693877551020424,0.1724137931034483,0.0,1
1.0,0.6875,0.0,0.5555555555555556,0.0,1.0,0.0,1.0,0.5,0.0,0.7787714695444323,0.5181984722270229,0.21006553646036666,0.22448979591836737,0.20689655172413793,1.0,0
1.0,0.5,1.0,0.5555555555555556,0.0,1.0,0.0,1.0,0.5,0.0,0.780489275491595,0.3723341744149874,0.0886278874666711,0.7959183673469385,0.10344827586206896,1.0,1
1.0,0.6875,1.0,0.5555555555555556,0.0,1.0,0.0,1.0,0.5,0.0,0.7819339352951176,0.26980286428629036,0.07365168492661411,0.7346938775510203,0.06896551724137931,,0
1.0,0.5,1.0,0.5555555555555556,0.0,1.0,0.0,1.0,0.5,0.0,0.7850733737502771,0.2396391414054129,0.16657391333239202,0.6326530612244898,0.20689655172413793,0.0,0
1.0,0.375,0.0,0.5555555555555556,0.0,1.0,0.0,1.0,0.5,0.0,0.7880569234745403,0.28777090318343657,0.15802676279788364,0.34693877551020424,0.10344827586206896,0.0,1
1.0,0.5,0.0,0.5555555555555556,0.0,1.0,0.0,1.0,0.5,0.0,0.7888195511434719,0.26183563190579895,0.03625686305454727,0.5714285714285712,0.06896551724137931,,0
1.0,0.375,1.0,0.5555555555555556,0.0,1.0,0.0,1.0,0.5,0.0,0.7904066165903788,0.2028043736246011,0.08145957754317183,0.8775510204081631,0.10344827586206896,0.0,1
1.0,0.5,1.0,0.5555555555555556,0.0,1.0,0.0,1.0,0.5,0.0,0.7925224008621906,0.1698063207862385,0.1104484554493276,0.9591836734693877,0.13793103448275862,0.0,0
1.0,0.375,1.0,0.5555555555555556,0.0,1.0,0.0,1.0,0.5,0.0,0.7970683222888164,0.3136716094615925,0.24368931232401095,0.7959183673469385,0.27586206896551724,0.0,0
1.0,0.5,1.0,0.4444444444444445,0.0,1.0,0.0,1.0,0.0,0.0,0.800727086856232,0.3924510041132349,0.1950478025766046,0.6122448979591835,0.10344827586206896,0.0,0
1.0,0.3125,1.0,0.4444444444444445,0.0,1.0,0.0,1.0,0.0,0.0,0.8052342254693404,0.4833857569158803,0.24156290752631013,0.8163265306122449,0.27586206896551724,0.0,1
1.0,0.5,1.0,0.4444444444444445,0.0,1.0,0.0,1.0,0.0,0.0,0.8087827014108159,0.44545643081815356,0.18900083893314285,0.6122448979591835,0.10344827586206896,1.0,0
1.0,0.3125,0.0,0.4444444444444445,0.0,1.0,0.0,1.0,0.0,0.0,0.8157113419429161,0.5697982556196928,0.3743303070827554,0.34693877551020424,0.3793103448275862,1.0,0
1.0,0.1875,0.0,0.4444444444444445,0.0,1.0,0.0,1.0,0.0,0.0,0.8185143091917391,0.5049946424250803,0.14812569045858912,0.5306122448979593,0.20689655172413793,1.0,1
1.0,0.375,1.0,0.4444444444444445,0.0,1.0,0.0,1.0,0.0,0.0,0.8205260161475881,0.44655674996831535,0.10474204882424767,0.6530612244897958,0.034482758620689655,0.0,0
1.0,0.5,1.0,0.33333333333333337,1.0,1.0,0.0,0.0,0.0,0.0,0.8220009750241711,0.23917251391241226,0.07531293867481789,0.8571428571428572,0.10344827586206896,0.0,1
1.0,0.6875,0.0,0.33333333333333337,1.0,1.0,0.0,0.0,0.0,0.0,0.8246256322280334,0.23239201318078648,0.13834921215040993,0.24489795918367352,0.20689655172413793,1.0,0
1.0,0.5,1.0,0.33333333333333337,1.0,1.0,0.0,0.0,0.0,0.0,0.8251510181549018,0.17587247819524615,0.023249246206111754,0.6734693877551021,0.034482758620689655,0.0,1
1.0,0.6875,0.0,0.33333333333333337,1.0,1.0,0.0,0.0,0.0,0.0,0.8284431639382858,0.24497367299206158,0.17494663222333898,0.7755102040816326,0.24137931034482757,0.0,1
1.0,0.8125,1.0,0.33333333333333337,1.0,1.0,0.0,0.0,0.0,0.0,0.828566632661007,0.1498623160853986,0.0012127152361887513,0.5306122448979593,0.034482758620689655,,1
1.0,0.5,1.0,0.4444444444444445,0.0,0.0,0.0,0.0,0.0,0.0,0.8307583161108354,0.21322572096828088,0.11460989608857805,0.7959183673469385,0.10344827586206896,0.0,0
1.0,0.3125,0.0,0.4444444444444445,0.0,0.0,0.0,0.0,0.0,0.0,0.8375786374567445,0.3473897664558202,0.3683913249329269,0.12244897959183665,0.3103448275862069,1.0,0
1.0,0.125,1.0,0.4444444444444445,0.0,0.0,0.0,0.0,0.0,0.0,0.8398898507497962,0.4305819593746039,0.1211635421252419,0.510204081632653,0.10344827586206896,1.0,0
1.0,0.0,1.0,0.4444444444444445,0.0,0.0,0.0,0.0,0.0,0.0,0.8411716530356188,0.39598239489359743,0.06472244603001885,0.7551020408163263,0.034482758620689655,1.0,0
1.0,0.5,1.0,0.33333333333333337,0.0,0.0,1.0,1.0,0.0,0.0,0.8440118881443063,0.24463378383049325,0.15016903256887976,0.8163265306122449,0.13793103448275862,,0
1.0,0.3125,0.0,0.33333333333333337,0.0,0.0,1.0,1.0,0.0,0.0,0.8441664134169145,0.16262256172732825,0.0029155003280976156,,0.0,,0
1.0,0.125,0.0,0.33333333333333337,0.0,0.0,1.0,1.0,0.0,0.0,0.8454562449570983,0.16292788588941504,0.06516267827329285,0.4285714285714284,0.06896551724137931,0.0,0
1.0,0.0,1.0,0.33333333333333337,0.0,0.0,1.0,1.0,0.0,0.0,0.846302043581581,0.08708651619370224,0.0408170045933666,0.9183673469387754,0.034482758620689655,0.0,1
1.0,0.1875,0.0,0.33333333333333337,0.0,0.0,1.0,1.0,0.0,0.0,0.8468742415763277,0.10296913345546299,0.025815883247086578,,0.0,,0
0.5,0.5,0.0,0.5555555555555556,0.0,1.0,0.0,1.0,0.3333333333333333,1.0,0.8506204189695226,0.1963752837210374,0.19984051964017246,0.2857142857142856,0.1724137931034483,1.0,0
0.5,0.3125,0.0,0.5555555555555556,0.0,1.0,0.0,1.0,0.3333333333333333,1.0,0.8548707729384437,0.32583848927908937,0.2274837820102832,0.24489795918367352,0.24137931034482757,0.0,0
0.5,0.125,0.0,0.5555555555555556,0.0,1.0,0.0,1.0,0.3333333333333333,1.0,0.8560418321122304,0.34861106310416745,0.05865056358033408,0.5306122448979593,0.06896551724137931,0.0,1
0.5,0.3125,0.0,0.5555555555555556,0.0,1.0,0.0,1.0,0.3333333333333333,1.0,0.8588635847863508,0.3134584586314565,0.14915566778247547,0.18367346938775508,0.20689655172413793,0.0,1
0.5,0.5,1.0,0.5555555555555556,0.0,1.0,0.0,1.0,0.3333333333333333,1.0,0.8607828795693655,0.2248165174610856,0.09967522489222616,0.8163265306122449,0.13793103448275862,0.0,1
0.5,0.625,1.0,0.5555555555555556,0.0,1.0,0.0,1.0,0.3333333333333333,1.0,0.8620840732619468,0.22976507322019057,0.06578564842886926,0.693877551020408,0.034482758620689655,0.0,0
0.5,0.5,1.0,0.5555555555555556,0.0,1.0,0.0,1.0,0.3333333333333333,1.0,0.8632092293400471,0.16524950168792416,0.05613376415180537,0.8367346938775508,0.034482758620689655,1.0,0
0.5,0.375,0.0,0.5555555555555556,0.0,1.0,0.0,1.0,0.3333333333333333,1.0,0.8718529489027345,0.4209556070189992,0.4683655754998297,0.6326530612244898,0.48275862068965514,1.0,1
0.5,0.5,1.0,0.5555555555555556,0.0,1.0,0.0,1.0,0.3333333333333333,1.0,0.8721768459937508,0.383792471743113,0.012201908780556686,0.8775510204081631,0.034482758620689655,,0
0.5,0.375,0.0,0.5555555555555556,0.0,1.0,0.0,1.0,0.3333333333333333,1.0,0.8745663823906638,0.4318723860219142,0.12545788306434869,0.20408163265306123,0.10344827586206896,0.0,0
0.5,0.5,1.0,0.4444444444444445,0.0,1.0,0.0,1.0,0.0,0.0,0.8816095534189324,0.37100918276819567,0.38060984625096567,0.7551020408163263,0.27586206896551724,0.0,0
0.5,0.3125,1.0,0.4444444444444445,0.0,1.0,0.0,1.0,0.0,0.0,0.8845340199507279,0.4698996462848387,0.1547873179888862,0.6530612244897958,0.1724137931034483,0.0,1
0.5,0.5,0.0,0.4444444444444445,0.0,1.0,0.0,1.0,0.0,0.0,0.885462232053935,0.4143306487850402,0.04533561478848088,0.24489795918367352,0.06896551724137931,0.0,0
0.5,0.3125,1.0,0.4444444444444445,0.0,1.0,0.0,1.0,0.0,0.0,0.8872060952039297,0.21281670180774948,0.09005656569012634,0.7142857142857144,0.10344827586206896,,1
0.5,0.5,0.0,0.4444444444444445,0.0,1.0,0.0,1.0,0.0,0.0,0.8896856198478321,0.19589713456154298,0.13039180669651387,0.20408163265306123,0.13793103448275862,1.0,0
0.5,0.375,1.0,0.4444444444444445,0.0,1.0,0.0,1.0,0.0,0.0,0.9003724059069864,0.5669812081619485,0.58038391574121,0.7959183673469385,0.5862068965517241,0.0,1
0.5,0.5,0.0,0.4444444444444445,0.0,1.0,0.0,1.0,0.0,0.0,0.9017591944809633,0.5534029241989561,0.07047869026754491,0.36734693877551017,0.10344827586206896,0.0,1
0.5,0.625,0.0,0.4444444444444445,0.0,1.0,0.0,1.0,0.0,0.0,0.9055318835630862,0.6025773967946723,0.20129411666985075,0.08163265306122436,0.24137931034482757,0.0,1
0.5,0.5,1.0,0.5555555555555556,0.0,1.0,0.0,0.0,1.0,1.0,0.9100896216282058,0.36951136612399615,0.24433720128581043,0.693877551020408,0.27586206896551724,1.0,1
0.5,0.6875,1.0,0.5555555555555556,0.0,1.0,0.0,0.0,1.0,1.0,0.9123237237803186,0.4017317064740244,0.11693565133606333,0.7142857142857144,0.10344827586206896,0.0,0
0.5,0.5,0.0,0.5555555555555556,0.0,1.0,0.0,0.0,1.0,1.0,0.9163547124602819,0.41155392716002437,0.2154563048732879,0.1020408163265305,0.27586206896551724,0.0,1
0.5,0.6875,1.0,0.5555555555555556,0.0,1.0,0.0,0.0,1.0,1.0,0.9190523904302199,0.34082241655433043,0.14235283368358106,0.8571428571428572,0.10344827586206896,1.0,0
0.5,0.5,1.0,0.5555555555555556,0.0,1.0,0.0,0.0,1.0,1.0,0.9203276784153345,0.3043621029345685,0.06436527647415503,0.8163265306122449,0.06896551724137931,0.0,1
0.5,0.625,1.0,0.5555555555555556,0.0,1.0,0.0,0.0,1.0,1.0,0.9293149894665276,0.4928335234408305,0.4872041930044605,0.7755102040816326,0.48275862068965514,0.0,1
0.5,0.5,1.0,0.6666666666666667,1.0,1.0,0.0,0.0,0.0,0.0,0.9299576328061397,0.41468782044634933,0.02967829821166034,0.5510204081632653,0.034482758620689655,0.0,1
0.5,0.6875,1.0,0.6666666666666667,1.0,1.0,0.0,0.0,0.0,0.0,0.9305837631509343,0.39000264998329354,0.028772914918889288,0.7346938775510203,0.034482758620689655,0.0,1
0.5,0.875,1.0,0.6666666666666667,1.0,1.0,0.0,0.0,0.0,0.0,0.9317831519580324,0.09385549525883424,0.06020383583490462,0.6326530612244898,0.034482758620689655,0.0,1
0.5,1.0,1.0,0.6666666666666667,1.0,1.0,0.0,0.0,0.0,0.0,0.9319120745139048,0.07432050971852569,0.00151174091086543,0.8163265306122449,0.034482758620689655,,1
0.5,0.5,0.0,0.7777777777777778,0.0,0.0,0.0,0.0,0.0,0.0,0.9324186750154755,0.06977521228670515,0.022219268882225415,0.48979591836734704,0.034482758620689655,1.0,0
0.5,0.3125,1.0,0.7777777777777778,0.0,0.0,0.0,0.0,0.0,0.0,0.9336518472890362,0.0710598781007685,0.06205613376415182,0.7755102040816326,0.034482758620689655,1.0,0
0.5,0.125,1.0,0.7777777777777778,0.0,0.0,0.0,0.0,0.0,0.0,0.9352851188223601,0.12826495224269238,0.08399298950918259,0.8367346938775508,0.034482758620689655,,0
0.5,0.0,0.0,0.7777777777777778,0.0,0.0,0.0,0.0,0.0,0.0,0.9368996049303865,0.17039392577742443,0.08296301218529624,0.34693877551020424,0.06896551724137931,1.0,1
0.5,0.1875,1.0,0.7777777777777778,0.0,0.0,0.0,0.0,0.0,0.0,0.9399985941230101,0.24134434804650146,0.16435613957853992,0.8163265306122449,0.10344827586206896,1.0,0
0.5,0.5,0.0,0.6666666666666667,1.0,1.0,0.0,0.0,1.0,0.0,0.9431060670560908,0.29740301637228805,0.164821290628037,0.3265306122448979,0.13793103448275862,0.0,0
0.5,0.3125,0.0,0.6666666666666667,1.0,1.0,0.0,0.0,1.0,0.0,0.9447357027006474,0.29797909969698017,0.08379363905939813,0.7755102040816326,0.10344827586206896,0.0,1
0.5,0.5,1.0,0.6666666666666667,1.0,1.0,0.0,0.0,1.0,0.0,0.9467484701240537,0.25667392531655775,0.10480019270543478,0.7346938775510203,0.06896551724137931,0.0,0
0.5,0.3125,0.0,0.6666666666666667,1.0,1.0,0.0,0.0,1.0,0.0,0.9474179281433245,0.1639648358738608,0.031148507778820674,0.34693877551020424,0.034482758620689655,1.0,1
0.5,0.5,1.0,0.6666666666666667,1.0,1.0,0.0,0.0,1.0,0.0,0.9496564236610311,0.1871176246932356,0.11717653312955287,0.9183673469387754,0.10344827586206896,0.0,1
0.5,0.625,1.0,0.6666666666666667,1.0,1.0,0.0,0.0,1.0,0.0,0.9497724691108526,0.11499199244178676,0.0008057080678788272,0.8163265306122449,0.034482758620689655,,1
0.5,0.5,1.0,0.7777777777777778,0.0,1.0,0.0,0.0,0.0,0.0,0.9506259939989657,0.1219914048367956,0.04124062429915858,0.8163265306122449,0.034482758620689655,1.0,0
0.5,0.3125,1.0,0.7777777777777778,0.0,1.0,0.0,0.0,0.0,0.0,0.951937186385657,0.08672934453239316,0.0663338621657765,0.7142857142857144,0.13793103448275862,0.0,1
0.5,0.5,1.0,0.7777777777777778,0.0,1.0,0.0,0.0,0.0,0.0,0.9592925893618138,0.36201652206975216,0.39772906612620545,0.5306122448979593,0.3103448275862069,0.0,0
0.5,0.3125,1.0,0.7777777777777778,0.0,1.0,0.0,0.0,0.0,0.0,0.961563504887695,0.4159148779279435,0.11895407464013091,0.6530612244897958,0.13793103448275862,1.0,1
0.5,0.5,0.0,0.7777777777777778,0.0,1.0,0.0,0.0,0.0,0.0,0.963825179196293,0.45205834571912484,0.11844739224692875,0.44897959183673475,0.10344827586206896,0.0,0
0.5,0.375,1.0,0.7777777777777778,0.0,1.0,0.0,0.0,0.0,0.0,0.9661488151092995,0.2607180302558962,0.12184465616200545,0.8367346938775508,0.10344827586206896,1.0,0
0.5,0.5,1.0,0.6666666666666667,1.0,1.0,0.0,1.0,0.0,0.0,0.9684895699985853,0.26337377438272674,0.1227832645297406,0.5918367346938775,0.13793103448275862,1.0,0
0.5,0.3125,0.0,0.6666666666666667,1.0,1.0,0.0,1.0,0.0,0.0,0.969357941432498,0.2103913910107958,0.04205463863577843,0.1020408163265305,0.034482758620689655,1.0,1
0.5,0.5,0.0,0.6666666666666667,1.0,1.0,0.0,1.0,0.0,0.0,0.9721069763312734,0.2265678107681495,0.14516865878678642,0.3265306122448979,0.1724137931034483,1.0,1
0.5,0.6875,1.0,0.6666666666666667,1.0,1.0,0.0,1.0,0.0,0.0,0.9734740705077612,0.1895429354901893,0.06939887533121246,0.6530612244897958,0.10344827586206896,0.0,1
0.5,0.8125,0.0,0.6666666666666667,1.0,1.0,0.0,1.0,0.0,0.0,0.9744571239332077,0.19390388625810837,0.04834248407272969,0.510204081632653,0.034482758620689655,1.0,1
0.5,0.5,1.0,0.7777777777777778,0.0,0.0,0.0,0.0,0.0,0.0,0.9771276842327565,0.19091977463620335,0.14086601157893863,0.5714285714285712,0.1724137931034483,0.0,0
0.5,0.3125,1.0,0.7777777777777778,0.0,0.0,0.0,0.0,0.0,0.0,0.9805355724752314,0.26852395930547396,0.18129262154147738,0.5510204081632653,0.034482758620689655,0.0,0
0.5,0.125,1.0,0.7777777777777778,0.0,0.0,0.0,0.0,0.0,0.0,0.9818514612182472,0.28118050994895905,0.06659135649674809,0.510204081632653,0.034482758620689655,1.0,0
0.5,0.0,1.0,0.7777777777777778,0.0,0.0,0.0,0.0,0.0,0.0,0.9842958389373995,0.2725795859113062,0.1284647523485975,0.8163265306122449,0.06896551724137931,0.0,1
0.5,0.1875,0.0,0.7777777777777778,0.0,0.0,0.0,0.0,0.0,0.0,0.9849245447034042,0.1668970999965435,0.028914121487486608,0.3265306122448979,0.034482758620689655,1.0,0
0.5,0.5,1.0,0.6666666666666667,0.0,1.0,0.0,1.0,1.0,0.0,0.9859504713172311,0.15587086516193702,0.05069315812643803,0.8979591836734695,0.06896551724137931,0.0,0
0.5,0.3125,1.0,0.6666666666666667,0.0,1.0,0.0,1.0,1.0,0.0,0.9918012223252057,0.285403200718952,0.31523120499040624,0.8163265306122449,0.3793103448275862,0.0,1
0.5,0.5,1.0,0.6666666666666667,0.0,1.0,0.0,1.0,1.0,0.0,0.9944573905650507,0.3625004320624935,0.14007691604854186,0.6326530612244898,0.1724137931034483,0.0,1
0.5,0.6875,1.0,0.6666666666666667,0.0,1.0,0.0,1.0,1.0,0.0,0.9961059631302701,0.3861774567073381,0.08483192265202548,0.8367346938775508,0.13793103448275862,0.0,0
0.5,0.5,1.0,0.6666666666666667,0.0,1.0,0.0,1.0,1.0,0.0,0.9973017160486011,0.20916433352920166,0.06000448538512015,0.9591836734693877,0.034482758620689655,0.0,1
0.5,0.625,1.0,0.6666666666666667,0.0,1.0,0.0,1.0,1.0,0.0,1.0000000000000002,0.21076584517184563,0.1423860587585451,0.9387755102040813,0.10344827586206896,0.0,1
